Step,height (mm),Frequency (GHz),Q raw,Q spline,Loss (dB),,mm_p_step,Holder Material,Sample,OD base (mm),OD top (mm),Length (mm),Length wo base (mm),ID (mm),WG_length (mm),WG_d (mm),WG_a (mm),Mode,Aeff_E,Aeff_Es,Aeff_H
0,0,1.036019844,5110.598273,5128.017788,,,0.0018,,,9.09,,,,7.06,457.2,152.4,29.08,1,64.73783,39.08962,
250,0.45,1.036021562,5113.869583,5124.063369,,,,,,,,,,,,,,,,,
500,0.9,1.036020156,5114.822055,5124.056414,,,,,,,,,,,,,,,,,
750,1.35,1.036019375,5116.573468,5124.05255,,,,,,,,,,,,,,,,,
1000,1.8,1.036019687,5112.1042,5124.054096,,,,,,,,,,,,,,,,,
1250,2.25,1.036019844,5111.509374,5124.054869,,,,,,,,,,,,,,,,,
1500,2.7,1.036019687,5111.119147,5131.986068,,,,,,,,,,,,,,,,,
1750,3.15,1.036017812,5111.95126,5124.044822,,,,,,,,,,,,,,,,,
2000,3.6,1.036018125,5111.851739,5128.009281,,,,,,,,,,,,,,,,,
2250,4.05,1.036017656,5118.846335,5128.006961,,,,,,,,,,,,,,,,,
2500,4.5,1.03601625,5110.612995,5128,,,,,,,,,,,,,,,,,
2750,4.95,1.036011406,5112.249118,5124.013138,,,,,,,,,,,,,,,,,
3000,5.4,1.036009687,5114.680879,5124.004637,,,,,,,,,,,,,,,,,
3250,5.85,1.036003437,5109.488732,5120.016988,,,,,,,,,,,,,,,,,
3500,6.3,1.035994219,5111.481716,5127.890951,,,,,,,,,,,,,,,,,
3750,6.75,1.035977812,5113.735736,5123.846986,,,,,,,,,,,,,,,,,
4000,7.2,1.035963125,5108.374511,5127.737046,,,,,,,,,,,,,,,,,
4250,7.65,1.035942656,5111.871645,5119.716602,,,,,,,,,,,,,,,,,
4500,8.1,1.035916875,5105.387133,5115.638889,,,,,,,,,,,,,,,,,
4750,8.55,1.035889219,5100.889863,5111.558211,,,,,,,,,,,,,,,,,
5000,9,1.035861719,5097.741058,5103.552733,,,,,,,,,,,,,,,,,
5250,9.45,1.035828906,5091.688695,5103.39107,,,,,,,,,,,,,,,,,
5500,9.9,1.035792344,5081.009179,5095.365872,,,,,,,,,,,,,,,,,
5750,10.35,1.035753125,5069.103307,5083.45092,,,,,,,,,,,,,,,,,
6000,10.8,1.035708594,5058.159661,5071.564652,,,,,,,,,,,,,,,,,
6250,11.25,1.035665937,5041.808129,5059.741985,,,,,,,,,,,,,,,,,
6500,11.7,1.035619844,5024.75482,5036.449088,,,,,,,,,,,,,,,,,
6750,12.15,1.035568594,5011.143605,5017.137774,,,,,,,,,,,,,,,,,
7000,12.6,1.035517187,4990.379394,5001.743396,,,,,,,,,,,,,,,,,
7250,13.05,1.035463594,4963.062399,4975.20045,,,,,,,,,,,,,,,,,
7500,13.5,1.03541,4941.161529,4948.935026,,,,,,,,,,,,,,,,,
7750,13.95,1.035353594,4922.394439,4930.255208,,,,,,,,,,,,,,,,,
8000,14.4,1.035295781,4901.050485,4911.707191,,,,,,,,,,,,,,,,,
8250,14.85,1.035237031,4874.734595,4889.680443,,,,,,,,,,,,,,,,,
8500,15.3,1.035176094,4847.9199,4860.694791,,,,,,,,,,,,,,,,,
8750,15.75,1.035115312,4818.541519,4835.575182,,,,,,,,,,,,,,,,,
9000,16.2,1.035054062,4793.770632,4807.217707,,,,,,,,,,,,,,,,,
9250,16.65,1.034992031,4768.273402,4779.183983,,,,,,,,,,,,,,,,,
9500,17.1,1.034929844,4737.835328,4748.065233,,,,,,,,,,,,,,,,,
9750,17.55,1.034863906,4711.845781,4720.690663,,,,,,,,,,,,,,,,,
10000,18,1.034796094,4685.980266,4693.618001,,,,,,,,,,,,,,,,,
10250,18.45,1.034731719,4655.542619,4670.157264,,,,,,,,,,,,,,,,,
10500,18.9,1.034668281,4623.301589,4637.168768,,,,,,,,,,,,,,,,,
10750,19.35,1.034600469,4597.806839,4607.823939,,,,,,,,,,,,,,,,,
11000,19.8,1.034531719,4566.355572,4575.675881,,,,,,,,,,,,,,,,,
11250,20.25,1.034463906,4535.197371,4550.219244,,,,,,,,,,,,,,,,,
11500,20.7,1.034394375,4508.39638,4518.855973,,,,,,,,,,,,,,,,,
11750,21.15,1.034328437,4474.106973,4487.933559,,,,,,,,,,,,,,,,,
12000,21.6,1.034257187,4446.577649,4454.405114,,,,,,,,,,,,,,,,,
12250,22.05,1.034186094,4413.265809,4427.28495,,,,,,,,,,,,,,,,,
12500,22.5,1.034117187,4386.713627,4397.574751,,,,,,,,,,,,,,,,,
12750,22.95,1.034048906,4354.786985,4371.14465,,,,,,,,,,,,,,,,,
13000,23.4,1.033977656,4329.913857,4339.316066,,,,,,,,,,,,,,,,,
13250,23.85,1.033905156,4300.094684,4313.554759,,,,,,,,,,,,,,,,,
13500,24.3,1.03383375,4270.352057,4279.77749,,,,,,,,,,,,,,,,,
13750,24.75,1.033761875,4237.576258,4243.79474,,,,,,,,,,,,,,,,,
14000,25.2,1.033687031,4209.211849,4221.823229,,,,,,,,,,,,,,,,,
14250,25.65,1.033618125,4182.279008,4189.459151,,,,,,,,,,,,,,,,,
14500,26.1,1.033544687,4153.894254,4162.797986,,,,,,,,,,,,,,,,,
14750,26.55,1.033471719,0,4136.47217,,,,,,,,,,,,,,,,,
15000,27,1.033396094,0,4100.269684,,,,,,,,,,,,,,,,,
15250,27.45,1.033325156,4067.943417,4079.753856,,,,,,,,,,,,,,,,,
15500,27.9,1.033256562,0,4051.98652,,,,,,,,,,,,,,,,,
15750,28.35,1.033184375,4020.225449,4029.482023,,,,,,,,,,,,,,,,,
16000,28.8,1.033113906,3996.334667,4002.378329,,,,,,,,,,,,,,,,,
16250,29.25,1.033047344,3969.23642,3978.040313,,,,,,,,,,,,,,,,,
16500,29.7,1.032979219,3949.808185,3958.722754,,,,,,,,,,,,,,,,,
16750,30.15,1.032913125,0,3939.597139,,,,,,,,,,,,,,,,,
17000,30.6,1.032850156,3910.034333,3922.991691,,,,,,,,,,,,,,,,,
17250,31.05,1.032793437,0,3897.333726,,,,,,,,,,,,,,,,,
17500,31.5,1.032734219,3882.185757,3892.520024,,,,,,,,,,,,,,,,,
17750,31.95,1.032679375,3865.625397,3871.791447,,,,,,,,,,,,,,,,,
18000,32.4,1.0326275,0,3864.804678,,,,,,,,,,,,,,,,,
